"SamplingSize","SampleID","minsplit","minbucket","maxdepth","complexity","Metrics","AvgSampleDistance","ValidError","GeneralizedError","ASEMeanError","ModelTime"
"19","1","2","1","30","0.001","PERF1","344.809589947071","0.455840142706279","19.9231939342758","18.1195359642466","0.65746808052063"
"19","1","5","2","30","0.01","PERF2","344.809589947071","1.89310456253685","32.5793451325724","33.4514841171051","0.676481008529663"
"19","2","11","4","30","0.01","PERF1","347.747089947071","0.988839135661374","16.339070177239","17.3078406348397","0.669492959976196"
"19","2","6","2","30","0.01","PERF2","347.747089947071","99.2034038813838","33.4316695176557","27.0376291019435","0.654467105865479"
"19","3","2","1","30","0.01","PERF1","346.642923280404","1.91660433612198","20.3207690937426","19.3655722674966","0.690474987030029"
"19","3","12","4","30","0.01","PERF2","346.642923280404","5.34007645904201","40.0838595778068","41.9584249165876","0.691490173339844"
"19","4","9","3","30","0.01","PERF1","345.804960317441","4.4203754482093","19.9975428440784","19.2880910334643","0.722531080245972"
"19","4","5","2","30","0.01","PERF2","345.804960317441","19.6719557556519","38.738858957795","37.1671363987974","0.8506019115448"
"19","5","7","2","30","0.01","PERF1","347.379034391515","1.58642650163019","16.326199612043","17.1441022506646","0.863631010055542"
"19","5","8","3","30","0.01","PERF2","347.379034391515","4.16125831356211","48.2703618615386","50.1941903173144","0.752535104751587"
"19","6","2","1","30","0.001","PERF1","345.420701058182","0.082270465440887","21.9447220284516","16.3704454560644","0.887614011764526"
"19","6","7","2","30","0.01","PERF2","345.420701058182","4.61374901253435","39.2165515358011","41.8925770166955","0.891650915145874"
"19","7","7","2","30","0.01","PERF1","351.865145502626","4.5842392917667","16.9801931692105","16.2372267294615","0.790563106536865"
"19","7","17","6","30","0.01","PERF2","351.865145502626","2.14278293691525","58.8562019079459","35.5842153631043","1.18784403800964"
"19","8","6","2","30","0.01","PERF1","348.726256613737","2.01992883206401","17.2627780017719","17.1853158328693","1.07376384735107"
"19","8","10","3","30","0.01","PERF2","348.726256613737","3.31632546397043","33.5928314650705","22.9977315974153","1.00871801376343"
"19","9","10","3","30","0.01","PERF1","348.353571428552","18.2876336533691","16.7842505802966","18.0770126982565","0.896654844284058"
"19","9","8","3","30","0.01","PERF2","348.353571428552","5.60533108975083","43.1178301769108","34.3921988472888","0.756534099578857"
"19","10","9","3","30","0.01","PERF1","347.117460317441","8.75030734257345","16.3511386047517","17.2958811229225","0.758539915084839"
"19","10","1","0","30","0.01","PERF2","347.117460317441","58.4101144794069","50.6735028989743","37.523729770103","0.698499917984009"
"19","11","5","2","30","0.01","PERF1","347.784126984108","3.9397591517493","16.5884102253998","16.8548461715884","0.706521034240723"
"19","11","1","0","30","0.01","PERF2","347.784126984108","34.3101245829276","52.7354040318696","38.1669976954159","0.685488224029541"
"19","12","3","1","30","0.01","PERF1","345.059589947071","15.1021729023429","18.471311814346","17.4238201199722","0.680502891540527"
"19","12","5","2","30","0.01","PERF2","345.059589947071","11.7212388441932","45.4231712803147","45.8505415681532","0.688491106033325"
"19","13","2","1","30","0.01","PERF1","347.277182539663","4.29874057543885","19.9996444831636","15.7673731539604","0.91965389251709"
"19","13","2","1","30","0.01","PERF2","347.277182539663","6.87291257248179","29.1373874405762","28.4075939395424","0.692491054534912"
"19","14","6","2","30","0.01","PERF1","349.388293650774","6.72089268723175","17.4238810750118","19.4007908945542","0.689491033554077"
"19","14","11","4","30","0.01","PERF2","349.388293650774","11.0848786327268","46.9721595604752","50.9370405616356","0.635452032089233"
"19","15","1","0","30","0.01","PERF1","345.226256613737","1.58218817892689","26.7231941783193","17.5845063341746","0.679483890533447"
"19","15","11","4","30","0.01","PERF2","345.226256613737","5.26427398077541","43.1034883567105","37.1988933762146","0.68548583984375"
"19","16","2","1","30","1e-06","PERF1","348.254034391515","13.1351727406736","17.1897020201981","18.5959434439819","0.684504985809326"
"19","16","1","0","30","0.01","PERF2","348.254034391515","0.0536292157285145","68.610574647084","50.3751087788597","0.647448062896729"
"19","17","2","1","30","0.01","PERF1","344.955423280404","0.686091425833187","19.8910272905721","21.118552403798","0.643476009368896"
"19","17","1","0","30","0.01","PERF2","344.955423280404","14.6945448407999","47.8347978570589","26.6939735735108","0.632450103759766"
"19","18","2","1","30","0.001","PERF1","347.858201058182","0.515961098634539","17.9349230886938","18.6178690839397","1.02070903778076"
"19","18","2","1","30","0.01","PERF2","347.858201058182","8.91340572153183","29.3432914154282","26.5595641964222","0.65946888923645"
"19","19","1","0","30","0.01","PERF1","351.561904761886","20.7806236088771","31.3318262842791","16.6140591950607","0.650478839874268"
"19","19","2","1","30","0.01","PERF2","351.561904761886","44.7601047120074","22.0612754465076","24.5478548238109","0.666491985321045"
"19","20","7","2","30","0.01","PERF1","345.080423280404","2.72404112927151","20.9780371438535","21.1478829413628","0.648461103439331"
"19","20","2","1","30","1e-05","PERF2","345.080423280404","0.562220073343233","24.5404801813893","38.8509656056291","0.647444009780884"
"19","21","1","0","30","0.01","PERF1","346.337367724848","7.22795868757117","28.1588410491913","18.5305054675293","0.6474769115448"
"19","21","2","1","30","1e-04","PERF2","346.337367724848","15.9557957906265","21.45567936414","29.8516175130868","0.64644193649292"
"19","22","2","1","30","0.001","PERF1","345.483201058182","0.956335439690351","22.5421176714814","20.4213526496667","0.634469032287598"
"19","22","8","3","30","0.01","PERF2","345.483201058182","57.7041010741673","39.4955553655053","32.9672844861955","0.676462888717651"
"19","23","1","0","30","0.01","PERF1","350.221626984108","3.25794411533148","27.2638826418587","14.7322451132357","0.634452104568481"
"19","23","1","0","30","0.01","PERF2","350.221626984108","16.5467983303478","74.8191692491288","34.3257450395355","0.779571056365967"
"19","24","2","1","30","0.001","PERF1","344.587367724848","0.208244004553593","19.154283626169","19.9747733692363","0.621425151824951"
"19","24","2","1","30","0.001","PERF2","344.587367724848","51.0738530288421","34.3366307462454","21.674079986666","0.627461910247803"
"19","25","2","1","30","0.01","PERF1","343.284126984108","0.58026615014594","18.5835110647223","19.298825812413","0.651463031768799"
"19","25","1","0","30","0.01","PERF2","343.284126984108","76.1997673345334","56.832018340332","18.3308382699888","0.671460866928101"
"19","26","2","1","30","0.01","PERF1","357.781812169293","3.50842380130543","21.2658633357087","23.432769060966","0.630435228347778"
"19","26","1","0","30","0.01","PERF2","357.781812169293","5.764325890301","36.8031198092703","35.2845301891658","0.61742115020752"
"19","27","7","2","30","0.001","PERF1","347.142923280404","16.7283847648151","17.7560609896858","17.0120930345833","0.609450817108154"
"19","27","1","0","30","0.01","PERF2","347.142923280404","0.873004490001826","51.0690716717497","39.5489775423874","0.619441032409668"
"19","28","5","2","30","0.001","PERF1","346.048015872997","7.70127261529212","16.2420061923842","17.4925866007973","0.630430936813354"
"19","28","2","1","30","0.01","PERF2","346.048015872997","4.52595597332741","28.923944410334","31.5131106556105","0.630449056625366"
"19","29","2","1","30","0.001","PERF1","346.879034391515","19.8897647234551","16.8199482421866","18.0432634885573","0.645477056503296"
"19","29","1","0","30","0.01","PERF2","346.879034391515","33.9339272838749","49.672884175321","27.9158696151889","0.639453887939453"
"19","30","2","1","30","0.01","PERF1","345.545701058182","6.99009243522548","21.1222101112835","16.350837287855","0.638436794281006"
"19","30","8","3","30","0.01","PERF2","345.545701058182","2.42418293305701","41.1766111261698","43.2187836572716","0.62846302986145"
"38","1","8","3","30","0.01","PERF1","344.43809523808","3.43722877664848","17.8883592471863","18.0199945190227","1.31893801689148"
"38","1","2","1","30","1e-04","PERF2","344.43809523808","39.1093810161152","13.9905512280017","31.0246158784308","1.25989508628845"
"38","2","13","4","30","0.01","PERF1","336.552380952366","6.82556923942053","15.8331362720136","16.8575505978764","1.26491808891296"
"38","2","3","1","30","1e-04","PERF2","336.552380952366","2.28085576651584","16.200562909614","34.5037192542126","1.38296794891357"
"38","3","7","2","30","0.01","PERF1","337.991666666651","10.5143075346707","15.1018782321199","15.816057000068","1.59113001823425"
"38","3","1","0","30","0.01","PERF2","337.991666666651","2.36950993789061","57.3419150387761","26.5112830562663","1.66418290138245"
"38","4","17","6","30","0.01","PERF1","341.002380952366","7.74526069933091","16.6429681011331","18.1218764576441","1.34495687484741"
"38","4","12","4","30","0.01","PERF2","341.002380952366","4.59217253224633","31.2547214222293","28.3172771186163","1.2789089679718"
"38","5","11","4","30","0.01","PERF1","340.695238095223","8.35173478240599","16.3695490883568","19.0639059767019","1.32193994522095"
"38","5","4","1","30","0.01","PERF2","340.695238095223","4.56173015912551","17.9766916612048","26.0485601339864","1.40699696540833"
"38","6","22","7","30","0.01","PERF1","336.466666666651","6.74203847806976","17.0632691363803","17.5022621748295","1.30392789840698"
"38","6","3","1","30","0.001","PERF2","336.466666666651","6.38295163915972","12.0154059068589","33.0940511507886","1.50908994674683"
"38","7","1","0","30","0.01","PERF1","338.830952380937","8.47511024197119","27.4181292918626","16.1940425080252","1.36797285079956"
"38","7","4","1","30","1e-04","PERF2","338.830952380937","4.67761558922022","18.7683844007414","35.1178370381882","1.27290606498718"
"38","8","17","6","30","0.01","PERF1","340.903571428556","10.8129451121276","16.5298989581175","15.0538396760635","1.86434507369995"
"38","8","5","2","30","1e-04","PERF2","340.903571428556","13.9788160416619","21.103634267846","35.4038234366886","1.38098192214966"
"38","9","17","6","30","0.01","PERF1","340.503571428556","8.64778545943123","17.0853753677417","14.7267829293128","1.2599151134491"
"38","9","2","1","30","0.01","PERF2","340.503571428556","9.35771605710481","19.8181660703756","24.9836787996576","1.29493808746338"
"38","10","11","4","30","0.001","PERF1","336.177380952366","18.3321442680523","16.9517493297439","15.5610303476993","1.2899181842804"
"38","10","8","3","30","0.01","PERF2","336.177380952366","27.3852535393447","31.2867700867631","22.2518151299203","1.2809112071991"
"38","11","8","3","30","0.001","PERF1","337.677380952366","10.5748581480274","16.4959089405576","16.4386552136235","1.26691913604736"
"38","11","2","1","30","0.01","PERF2","337.677380952366","4.08160247364622","23.4211047859135","30.4328172453546","1.28192901611328"
"38","12","2","1","30","0.01","PERF1","339.278571428556","8.03884389532345","20.7101243555492","15.9507440235287","1.28591394424438"
"38","12","8","3","30","0.01","PERF2","339.278571428556","9.3924650989761","29.6203559225441","35.2324348410572","1.25287199020386"
"38","13","5","2","30","0.001","PERF1","336.102380952366","6.34953764667386","14.9859545825056","17.3309341900763","1.33595013618469"
"38","13","5","2","30","0.01","PERF2","336.102380952366","28.2431337958968","30.1147410203759","44.8273790215038","1.27590799331665"
"38","14","4","1","30","0.001","PERF1","338.377380952366","7.18308545695613","14.2173003389872","17.9011254015303","1.28691482543945"
"38","14","18","6","30","1e-05","PERF2","338.377380952366","25.4824713165608","39.1996553556778","24.118048137502","1.27392220497131"
"38","15","17","6","30","0.01","PERF1","339.995238095223","6.59422200027455","17.499392054734","19.4087837357119","1.30492997169495"
"38","15","3","1","30","0.001","PERF2","339.995238095223","3.95779925892761","16.5223359465321","31.3155274346168","1.28491401672363"
"38","16","17","6","30","0.01","PERF1","346.074999999985","14.4164379682371","15.8905299457066","17.1866542781051","1.26389908790588"
"38","16","2","1","30","0.001","PERF2","346.074999999985","15.3224908845218","27.1135890528928","30.7201660577821","1.47403907775879"
"38","17","8","3","30","0.01","PERF1","338.03809523808","11.491607082305","18.2039741056621","18.385041427827","1.26091003417969"
"38","17","5","2","30","0.01","PERF2","338.03809523808","10.9731404038762","38.0342319336625","26.8103860283937","1.25187397003174"
"38","18","2","1","30","0.01","PERF1","339.774999999985","6.39639752283471","16.8074709432616","16.730042482267","1.278892993927"
"38","18","8","3","30","0.01","PERF2","339.774999999985","5.53145175532133","37.2521040042052","37.7678167598845","1.29091787338257"
"38","19","2","1","30","0.01","PERF1","337.203571428556","9.03659333554239","15.95764443377","19.0372743901802","1.28591394424438"
"38","19","8","3","30","0.001","PERF2","337.203571428556","11.8380107140364","28.5543760672847","29.2187899211373","1.27390694618225"
"38","20","14","5","30","0.01","PERF1","335.845238095223","11.6974963308818","16.7539931309794","15.2918178895901","1.3009250164032"
"38","20","2","1","30","0.01","PERF2","335.845238095223","12.5063236464262","20.6176507583749","36.7565015580423","1.28790020942688"
"38","21","2","1","30","1e-05","PERF1","336.605952380937","3.19549688640281","10.8277964241446","16.9189668126268","1.24989104270935"
"38","21","1","0","30","0.01","PERF2","336.605952380937","9.04018723039691","53.0523379399859","32.6216404890068","1.32994413375854"
"38","22","17","6","30","0.01","PERF1","336.332142857128","14.8257296665795","15.5687460567333","15.0497108259748","1.2819299697876"
"38","22","17","6","30","0.01","PERF2","336.332142857128","11.4458634587023","37.8783983780865","32.0314432436269","1.32395792007446"
"38","23","11","4","30","0.01","PERF1","338.470238095223","20.4931256218444","16.6934540999386","18.9965514686978","1.29992318153381"
"38","23","3","1","30","0.01","PERF2","338.470238095223","6.68657871466431","20.7451778417616","43.9815230850087","1.3419361114502"
"38","24","2","1","30","0.001","PERF1","345.755952380937","2.18158299134296","14.3606600338692","17.1788548692746","1.27989196777344"
"38","24","2","1","30","1e-04","PERF2","345.755952380937","15.1908297804774","14.4468619645049","36.6949559549121","1.43301796913147"
"38","25","2","1","30","1e-05","PERF1","337.860714285699","9.92884601788895","14.3151416700268","14.0604013144546","1.28589701652527"
"38","25","2","1","30","0.001","PERF2","337.860714285699","14.3050600184696","14.1540557991572","23.7544600611897","1.29293489456177"
"38","26","7","2","30","0.001","PERF1","339.314285714271","5.4264746814563","13.5665771646628","15.73491953138","1.50605487823486"
"38","26","17","6","30","0.001","PERF2","339.314285714271","23.6770892298857","43.9926011744252","29.8161908656387","1.28891706466675"
"38","27","2","1","30","0.001","PERF1","338.86309523808","0.758582390397638","16.6773770066265","15.9012901066121","1.27992796897888"
"38","27","3","1","30","1e-04","PERF2","338.86309523808","0.590061962095703","28.0688116309083","32.2918268947889","1.41999411582947"
"38","28","2","1","30","1e-05","PERF1","338.853571428556","1.20786584292147","14.583675867004","15.3502874990938","1.41100406646729"
"38","28","2","1","30","1e-05","PERF2","338.853571428556","5.56467951461837","21.5140147526476","20.3420572112046","1.31693506240845"
"38","29","14","5","30","0.01","PERF1","338.223809523794","14.9568038782625","16.781776572286","16.6421090177147","1.30494689941406"
"38","29","1","0","30","0.01","PERF2","338.223809523794","13.0109777361103","49.5050583801144","23.4861356446863","1.3139328956604"
"38","30","11","4","30","0.01","PERF1","338.391666666651","3.0337842031861","15.7619670673032","16.3350669181192","1.31593799591064"
"38","30","2","1","30","1e-04","PERF2","338.391666666651","14.1036948185906","19.8427614483011","33.3278984209058","1.35696506500244"
"57","1","8","3","30","0.001","PERF1","331.184088827828","6.74654552277799","13.2670511697913","13.553710377463","2.05746603012085"
"57","1","2","1","30","0.001","PERF2","331.184088827828","9.86462298857433","20.3487727477783","29.0710040692294","2.03646683692932"
"57","2","11","4","30","0.001","PERF1","328.455723443212","7.51253774547909","17.1547048904902","16.2114353580171","1.99742197990417"
"57","2","4","1","30","1e-04","PERF2","328.455723443212","33.0947675598644","13.4804825550713","22.5446858885057","2.07347393035889"
"57","3","20","7","30","0.001","PERF1","328.547069597058","8.76777631723847","15.4223469173596","16.5473304584371","2.06947302818298"
"57","3","7","2","30","0.001","PERF2","328.547069597058","6.23455886136231","18.5674392617745","34.1128375414305","1.94837117195129"
"57","4","20","7","30","0.01","PERF1","327.67928113552","12.0123879151915","15.2214477277111","14.6064366652778","2.24759793281555"
"57","4","7","2","30","0.001","PERF2","327.67928113552","6.88363506477605","18.257842780123","24.948872398522","1.97338700294495"
"57","5","7","2","30","0.001","PERF1","327.338736263725","4.75172516156525","12.8221546120267","14.6447853240594","1.98540997505188"
"57","5","2","1","30","0.01","PERF2","327.338736263725","2.60680830624388","14.958498819863","22.1942589605872","2.10848712921143"
"57","6","2","1","30","0.01","PERF1","329.944505494494","12.3022764839385","13.1740441858708","16.1728183674225","2.03446388244629"
"57","6","1","0","30","0.01","PERF2","329.944505494494","8.62698811443267","55.2391956851925","26.1834167957726","1.98441219329834"
"57","7","2","1","30","0.01","PERF1","331.700915750904","8.93670374784043","16.1164227433943","15.9043324369563","2.04745483398438"
"57","7","2","1","30","0.01","PERF2","331.700915750904","7.9128647454979","9.34378745749931","32.8625974953112","1.98993992805481"
"57","8","4","1","30","1e-05","PERF1","337.938896520135","7.49004175771063","11.6473432668029","15.4905093577661","1.91525411605835"
"57","8","2","1","30","0.001","PERF2","337.938896520135","21.0162583825162","13.3977548032093","25.8950873272442","1.87935590744019"
"57","9","29","10","30","0.01","PERF1","327.564697802187","9.48223183760342","17.419623400795","15.3520996560123","1.87735199928284"
"57","9","4","1","30","1e-05","PERF2","327.564697802187","3.09571883139788","24.2861676091367","26.4282186403539","1.87234783172607"
"57","10","18","6","30","0.01","PERF1","328.196108058597","13.266748665946","16.019506475767","14.2593771208736","1.86832785606384"
"57","10","5","2","30","1e-04","PERF2","328.196108058597","4.87526374245671","11.9527041472686","32.3579239280281","2.02942681312561"
"57","11","17","6","30","0.01","PERF1","330.217742673981","6.65392332373617","15.8380517055817","15.8286821013505","1.86332607269287"
"57","11","4","1","30","1e-05","PERF2","330.217742673981","22.6923325674985","24.2131658727812","30.7951841573013","1.86030697822571"
"57","12","4","1","30","1e-04","PERF1","329.593543956033","4.78452792970533","13.8404439229162","14.713218417915","1.86532616615295"
"57","12","5","2","30","0.001","PERF2","329.593543956033","4.31280105323091","15.5926408751403","36.8908315119363","1.89735293388367"
"57","13","12","4","30","0.01","PERF1","337.674473443212","10.2514958230933","12.6073401051531","12.5882375785006","1.86332511901855"
"57","13","2","1","30","0.01","PERF2","337.674473443212","5.54826293781517","12.4107600370582","20.5408105633275","1.87133097648621"
"57","14","14","5","30","0.01","PERF1","329.648832417571","22.2610470621507","14.5203507278441","14.9266636552467","1.97739005088806"
"57","14","11","4","30","0.01","PERF2","329.648832417571","13.2058307368214","19.6522247162638","24.3152866560342","1.97039890289307"
"57","15","20","7","30","0.01","PERF1","329.763415750904","13.1113883141827","18.2470112043233","16.0676184257734","1.9113597869873"
"57","15","28","9","30","0.01","PERF2","329.763415750904","11.995620244006","38.2890649522361","25.1580931208875","1.90635585784912"
"57","16","5","2","30","0.01","PERF1","331.818704212443","12.2098090563205","17.1369163035289","16.4196213408201","1.87433385848999"
"57","16","26","9","30","0.01","PERF2","331.818704212443","29.1225554456065","31.0914097520558","26.1842510818464","1.93589901924133"
"57","17","20","7","30","0.01","PERF1","329.378800366289","6.9778295788252","18.6948224492593","16.8939776675167","2.16623401641846"
"57","17","20","7","30","0.01","PERF2","329.378800366289","11.0949501581141","28.154787686794","21.9020102553157","1.99796509742737"
"57","18","25","8","30","0.01","PERF1","328.134409340648","16.561135282924","16.1235508931233","15.0808585244299","2.03633809089661"
"57","18","5","2","30","0.001","PERF2","328.134409340648","4.88249589052121","16.1385841073269","38.804409013438","2.36731100082397"
"57","19","5","2","30","0.001","PERF1","330.294665750904","8.07500882358607","13.7962298516345","16.0846450325944","1.901850938797"
"57","19","2","1","30","0.001","PERF2","330.294665750904","7.59062545957328","12.1289099953061","34.0084980478581","1.89193487167358"
"57","20","11","4","30","0.01","PERF1","329.071909340648","10.1902546976465","14.0243063493639","16.35934265713","1.9122269153595"
"57","20","3","1","30","1e-06","PERF2","329.071909340648","11.0154375636723","14.9184324372208","27.6690462030582","1.9564790725708"
"57","21","3","1","30","1e-04","PERF1","332.532646520135","4.59276559034255","15.7705849200055","15.2437447957039","1.95722889900208"
"57","21","4","1","30","1e-04","PERF2","332.532646520135","5.03443150175723","18.1137918996357","36.3251743591975","1.91544580459595"
"57","22","7","2","30","0.01","PERF1","328.357165750904","8.95471919510418","15.6518178091658","15.345167915238","1.88565111160278"
"57","22","5","2","30","0.01","PERF2","328.357165750904","4.64997456730061","28.2531849957396","37.4432641917217","1.91583299636841"
"57","23","3","1","30","1e-06","PERF1","333.236973443212","8.39156258033587","10.0710317412691","14.4302385310283","2.24121594429016"
"57","23","6","2","30","0.001","PERF2","333.236973443212","8.50651193625277","15.2196361452127","26.6521722586192","2.31801414489746"
"57","24","3","1","30","1e-06","PERF1","328.309890109879","10.8646607190512","12.256498814295","16.3514582446776","2.17183804512024"
"57","24","2","1","30","0.001","PERF2","328.309890109879","9.09115868999213","13.5513633407017","24.1555576106995","1.90378713607788"
"57","25","23","8","30","0.001","PERF1","330.211332417571","8.2267678825702","16.4578938404734","15.5445066310898","1.99222707748413"
"57","25","2","1","30","0.01","PERF2","330.211332417571","8.4039548434624","12.0254887484238","27.3747705930771","1.8676540851593"
"57","26","2","1","30","1e-06","PERF1","328.759409340648","17.255241249224","12.2002739810198","14.306227416793","1.88473510742188"
"57","26","2","1","30","0.001","PERF2","328.759409340648","4.9943627513095","14.8289460588544","31.5988081718033","1.94768810272217"
"57","27","2","1","30","0.01","PERF1","327.477358058597","7.62554338474952","12.0709718573524","14.7723679113469","1.88456416130066"
"57","27","2","1","30","1e-05","PERF2","327.477358058597","8.88800572796239","11.6054322679327","27.165564699455","1.90834784507751"
"57","28","6","2","30","0.001","PERF1","329.472550366289","18.5087270844256","15.5637320432475","16.5660638317433","1.92462801933289"
"57","28","5","2","30","0.01","PERF2","329.472550366289","6.58561362849785","13.740024599412","31.3223250595974","1.91706299781799"
"57","29","3","1","30","1e-04","PERF1","329.711332417571","9.36449244151475","17.8936982191081","15.2409499011253","1.89621996879578"
"57","29","1","0","30","0.01","PERF2","329.711332417571","18.648255879689","37.8503839611408","24.1946086486272","1.90609312057495"
"57","30","5","2","30","0.001","PERF1","326.740178571417","6.76617417766646","13.1646302967823","15.0002949738109","2.23343992233276"
"57","30","2","1","30","0.01","PERF2","326.740178571417","11.2263128928757","12.5859568954157","31.2806159531998","2.0311131477356"
"76","1","2","1","30","0.01","PERF1","321.652760524492","4.88321628071226","13.7835616412188","14.8549002956042","1.98899102210999"
"76","1","3","1","30","1e-04","PERF2","321.652760524492","4.14049210845333","8.96278066304257","21.9240080816106","1.94020986557007"
"76","2","2","1","30","1e-05","PERF1","318.053726708067","7.30474117252812","11.3888226844198","15.0709109088052","1.93211388587952"
"76","2","2","1","30","1e-05","PERF2","318.053726708067","8.81216499195907","20.2021694584009","34.6862602949174","1.97297787666321"
"76","3","2","1","30","1e-05","PERF1","322.058557625941","7.46353222400029","10.9387689389409","15.3221248418374","1.92414999008179"
"76","3","4","1","30","1e-05","PERF2","322.058557625941","3.33817527508748","12.6011147708031","39.5753002191304","1.92888808250427"
"76","4","4","1","30","1e-04","PERF1","320.63283298826","8.21338363526699","12.9723322343208","15.7195240332634","1.92339015007019"
"76","4","4","1","30","1e-04","PERF2","320.63283298826","9.32591781675933","17.9040294948104","33.5497571709583","1.95963501930237"
"76","5","5","2","30","1e-04","PERF1","324.526552795024","10.2067596847475","12.7521118133533","14.4581174995013","1.95170402526855"
"76","5","6","2","30","0.001","PERF2","324.526552795024","7.65727573787079","11.2780848339808","37.178301406681","1.944904088974"
"76","6","11","4","30","0.01","PERF1","320.937180814347","6.72769718785978","12.3519781684722","17.0153883012462","1.95213580131531"
"76","6","6","2","30","0.001","PERF2","320.937180814347","6.94775088680107","14.4183170557504","37.9530803146588","2.1994731426239"
"76","7","4","1","30","0.001","PERF1","322.199861973767","4.41863582701741","12.2978699152611","15.6013519022294","2.08821511268616"
"76","7","5","2","30","0.01","PERF2","322.199861973767","12.7925546316891","13.4168477828292","29.950388937657","1.93668103218079"
"76","8","3","1","30","0.001","PERF1","321.339958592125","13.6966924872676","11.2285186273392","15.882054628022","1.98452687263489"
"76","8","4","1","30","1e-04","PERF2","321.339958592125","4.25435960319517","7.92714095670137","30.554974491189","1.93970799446106"
"76","9","5","2","30","0.001","PERF1","319.277760524492","7.96812727658718","11.6255659303159","15.2546666661043","1.99711990356445"
"76","9","5","2","30","0.01","PERF2","319.277760524492","7.6553346971065","13.1379118755991","27.4169477628062","1.93466806411743"
"76","10","4","1","30","1e-06","PERF1","320.865320910966","13.4616537620937","14.3313326852017","16.3576385190107","2.02400302886963"
"76","10","2","1","30","0.001","PERF2","320.865320910966","4.32765889346918","15.1879519279592","30.2894247586486","1.94884991645813"
"76","11","7","2","30","1e-04","PERF1","320.841166321594","9.85156872117995","14.9138490973378","16.0993523597588","1.97247815132141"
"76","11","2","1","30","0.01","PERF2","320.841166321594","28.6597941427929","15.4460213032138","27.8577207059835","1.97654104232788"
"76","12","7","2","30","0.001","PERF1","319.489717046231","8.01323399022562","11.8916892607233","15.2675871503128","1.93612098693848"
"76","12","2","1","30","0.01","PERF2","319.489717046231","9.93131886992591","9.45679359414394","22.9933813871409","1.9761860370636"
"76","13","26","9","30","0.001","PERF1","320.582108350579","8.41553037060005","14.6566331374639","15.5364397819702","2.20833992958069"
"76","13","10","3","30","1e-04","PERF2","320.582108350579","7.45746524992922","15.3771930504277","29.3225724730705","2.27214503288269"
"76","14","14","5","30","0.001","PERF1","321.846601104202","9.80524735645895","14.5922032331447","14.8174365486431","1.91965198516846"
"76","14","5","2","30","1e-04","PERF2","321.846601104202","11.2724374048196","13.0551572963715","33.7755700925533","1.97942495346069"
"76","15","2","1","30","1e-04","PERF1","319.890079365072","4.66010294120137","10.1255502126283","16.0307061107986","1.92813396453857"
"76","15","4","1","30","1e-04","PERF2","319.890079365072","5.63278433958935","9.87711109440029","23.1534685107563","1.92420411109924"
"76","16","2","1","30","1e-06","PERF1","320.862905452028","10.7488223739388","9.9411984274706","14.8313589959091","1.96452689170837"
"76","16","4","1","30","1e-04","PERF2","320.862905452028","3.17497605183541","12.5265274441044","34.0751391291049","2.03465986251831"
"76","17","11","4","30","0.01","PERF1","319.212543133188","5.35933565488793","14.8778675619498","15.6939531426105","2.00780200958252"
"76","17","8","3","30","0.01","PERF2","319.212543133188","47.4839629105239","20.8073011589613","24.8239310307416","1.97588014602661"
"76","18","3","1","30","1e-06","PERF1","331.024741200821","3.80256483468005","9.55139115739861","13.7075892677722","2.25291895866394"
"76","18","4","1","30","0.001","PERF2","331.024741200821","4.09901275709295","17.7422940739364","32.8989950125993","2.04866695404053"
"76","19","10","3","30","0.001","PERF1","319.469789509999","13.7222943022177","12.3913751092621","13.3865610650033","2.01629495620728"
"76","19","2","1","30","1e-05","PERF2","319.469789509999","10.6683254904825","11.4016141640929","31.4275071597175","2.16808390617371"
"76","20","4","1","30","0.001","PERF1","319.836335403719","14.2109249186124","13.4308589073261","14.7643587204875","2.10012698173523"
"76","20","4","1","30","1e-06","PERF2","319.836335403719","8.34110782486016","11.7016105947321","22.9482412446179","2.0639500617981"
"76","21","6","2","30","0.001","PERF1","323.957108350579","12.656842094371","10.4994764648451","15.5184663962939","1.94425916671753"
"76","21","5","2","30","0.01","PERF2","323.957108350579","5.47809196312762","17.5683080824092","31.4337560700794","1.98381495475769"
"76","22","7","2","30","0.01","PERF1","321.397325741883","9.66526169185301","13.3617881958465","15.727066947901","2.02046895027161"
"76","22","2","1","30","1e-05","PERF2","321.397325741883","2.93429042195672","11.7543331452528","21.9175316351055","2.00756478309631"
"76","23","5","2","30","0.001","PERF1","321.259644582463","6.60304973055065","13.5887325373009","15.413888063362","2.06413388252258"
"76","23","3","1","30","1e-05","PERF2","321.259644582463","44.2537667279577","21.1002795652405","33.5564865390147","1.95299816131592"
"76","24","5","2","30","0.001","PERF1","318.730659075217","11.33460783035","11.3425842659607","16.7868226171212","1.98761606216431"
"76","24","23","8","30","0.001","PERF2","318.730659075217","11.0135440675991","30.6386877659818","30.5809654507971","1.92020606994629"
"76","25","4","1","30","1e-04","PERF1","324.931746031738","9.67495079802711","12.567587024757","15.5986037882822","2.04040503501892"
"76","25","2","1","30","0.01","PERF2","324.931746031738","22.2975054285963","20.7643763433794","26.2616445811534","1.93229007720947"
"76","26","2","1","30","0.01","PERF1","319.035610766038","9.97021228061102","13.036833245323","16.9252561114805","2.26464009284973"
"76","26","6","2","30","1e-04","PERF2","319.035610766038","4.49920746975072","14.9144940999643","27.0088601004982","2.07647395133972"
"76","27","2","1","30","1e-04","PERF1","321.736093857825","15.0865457054014","14.1503484281161","17.2037003283107","1.9923939704895"
"76","27","2","1","30","0.01","PERF2","321.736093857825","5.57424051807923","14.4073714875697","28.8632423785739","1.92774415016174"
"76","28","9","3","30","0.001","PERF1","320.359282263623","13.104109735799","14.3576472880688","15.5143208746566","1.94434380531311"
"76","28","2","1","30","0.01","PERF2","320.359282263623","9.25169548900241","11.5802732662138","26.1028970469565","1.94343900680542"
"76","29","8","3","30","0.001","PERF1","320.435369220144","8.68687201371297","15.0975790139464","14.9801154531659","1.95638704299927"
"76","29","2","1","30","1e-04","PERF2","320.435369220144","4.78671435468018","13.7905675258891","36.5552954650029","2.00390887260437"
"76","30","4","1","30","0.001","PERF1","323.406383712898","9.34386620066997","9.06803217871446","15.6052519752051","1.96453809738159"
"76","30","2","1","30","1e-04","PERF2","323.406383712898","6.81344569830828","10.3850919776716","23.9147661768249","1.95624494552612"
"95","1","6","2","30","1e-04","PERF1","311.878239202654","15.0369771889939","14.9153593932008","17.5676847200512","2.01947498321533"
"95","1","5","2","30","0.001","PERF2","311.878239202654","8.41517617821304","10.6174913140332","32.4701700707833","2.02882289886475"
"95","2","2","1","30","0.01","PERF1","310.671359357692","9.94049409005514","13.4161508493927","16.1933347679146","2.0280909538269"
"95","2","8","3","30","0.01","PERF2","310.671359357692","6.76359465025611","14.5484937684134","24.5195485858512","2.13269400596619"
"95","3","5","2","30","0.001","PERF1","317.673297342189","3.68253713910195","11.3254965363907","15.6679592664294","2.40430521965027"
"95","3","2","1","30","1e-05","PERF2","317.673297342189","13.4551144685794","8.49278781791192","25.6998349155856","2.0207850933075"
"95","4","14","5","30","0.01","PERF1","311.37775470653","7.53539346546651","14.3777683083311","16.1502399105551","2.02017903327942"
"95","4","8","3","30","1e-04","PERF2","311.37775470653","9.63143430832764","12.053665512461","36.2439444684111","1.99951505661011"
"95","5","14","5","30","0.001","PERF1","314.69509966777","9.22249193457439","12.8154078126155","15.7215513373198","2.27691698074341"
"95","5","2","1","30","0.01","PERF2","314.69509966777","5.38778069868154","9.71279112895972","27.5702578058953","2.48767304420471"
"95","6","14","5","30","1e-04","PERF1","310.365157807305","10.7005266110596","16.5664646871159","18.0950890000372","2.00701379776001"
"95","6","5","2","30","1e-04","PERF2","310.365157807305","7.49023655565434","11.3936531909093","34.0542063286853","2.06078100204468"
"95","7","23","8","30","0.01","PERF1","315.736766334437","5.88416395936275","13.7502058121057","15.4243384401736","2.05261588096619"
"95","7","5","2","30","0.01","PERF2","315.736766334437","13.5565680615599","13.9248475092749","30.6603984269203","2.08796095848083"
"95","8","4","1","30","1e-06","PERF1","314.888413621258","8.21833937691322","12.1274874745561","16.1181336900721","2.10038495063782"
"95","8","2","1","30","0.001","PERF2","314.888413621258","6.31734720994982","9.50297969449685","26.3163321429496","1.99535703659058"
"95","9","5","2","30","0.001","PERF1","309.495487264669","7.74649379241424","10.4428881711096","15.9440329366133","2.03699588775635"
"95","9","8","3","30","1e-05","PERF2","309.495487264669","11.358278325154","12.9886281496492","29.3574398136739","2.26977515220642"
"95","10","2","1","30","1e-04","PERF1","313.864673311181","3.87370995967881","9.68428554225423","14.7620993916895","1.98005414009094"
"95","10","2","1","30","0.001","PERF2","313.864673311181","11.0378573687371","10.5526468416146","38.5270924610248","2.0041389465332"
"95","11","4","1","30","1e-04","PERF1","311.75759966777","5.24787205824474","12.7070311858778","16.302858006781","2.07246494293213"
"95","11","5","2","30","1e-04","PERF2","311.75759966777","10.4122189772827","10.4880464770251","29.3615637165136","2.04020285606384"
"95","12","35","12","30","0.001","PERF1","312.142774086375","10.5642703205688","16.6038332508779","15.9534989794136","2.00852012634277"
"95","12","5","2","30","0.001","PERF2","312.142774086375","7.82601283276439","9.01841893272313","30.2298939600828","2.0116970539093"
"95","13","11","4","30","0.01","PERF1","312.089964008855","7.27543631306076","12.5577508380557","15.0603653081527","2.01613807678223"
"95","13","2","1","30","0.001","PERF2","312.089964008855","10.6669969681117","10.5171926737718","29.7172832828018","2.00695991516113"
"95","14","2","1","30","0.01","PERF1","310.883568660018","7.59872159299059","13.4092026213973","16.4831067267063","2.00452709197998"
"95","14","13","4","30","0.001","PERF2","310.883568660018","6.68844776418644","15.485710773199","33.0068318144337","2.06852316856384"
"95","15","6","2","30","0.001","PERF1","312.969324473971","8.84978631107662","12.7307616466183","15.584324180743","1.9882230758667"
"95","15","2","1","30","1e-04","PERF2","312.969324473971","7.98137549968778","7.76041547473009","29.1492046480166","2.24028086662292"
"95","16","6","2","30","0.001","PERF1","314.262929125134","5.82906271529937","12.4372257780538","13.8659272304524","2.40416598320007"
"95","16","2","1","30","1e-04","PERF2","314.262929125134","5.22143036359448","9.99168210391987","26.9366064391125","2.01575803756714"
"95","17","2","1","30","0.001","PERF1","312.052173311181","14.7533653929018","14.3250056904508","15.6189808705904","2.00472593307495"
"95","17","5","2","30","0.01","PERF2","312.052173311181","5.64369811831588","13.5234860060601","31.6871157122305","2.04005908966064"
"95","18","4","1","30","1e-04","PERF1","313.995971760793","11.0803999855875","10.2426222224262","15.3796037764602","2.00747418403625"
"95","18","2","1","30","1e-05","PERF2","313.995971760793","7.47598987310888","10.0842543146841","28.7302745521366","2.01634383201599"
"95","19","10","3","30","0.001","PERF1","310.236766334437","7.26331502856995","10.4542051894906","15.9614095739949","1.98742485046387"
"95","19","3","1","30","1e-05","PERF2","310.236766334437","6.18402881253384","9.12113717759653","23.5976498632227","1.99625301361084"
"95","20","3","1","30","1e-04","PERF1","313.084150055367","5.31386057713301","9.78652717299558","15.4946430796716","1.99541997909546"
"95","20","2","1","30","1e-05","PERF2","313.084150055367","10.0072892145061","11.2851814975283","23.8080615953293","2.02765011787415"
"95","21","2","1","30","0.001","PERF1","309.473684939088","11.7205496690818","12.1894578622244","16.9495633597991","2.0917809009552"
"95","21","2","1","30","0.01","PERF2","309.473684939088","10.0467898540933","11.4627691979823","35.3076595556625","2.00419282913208"
"95","22","3","1","30","1e-05","PERF1","311.180080287925","3.20475835561414","10.6441342442961","14.9332639689904","1.99998712539673"
"95","22","5","2","30","0.001","PERF2","311.180080287925","5.28085023289817","13.6706160485929","34.8834559984877","2.51285409927368"
"95","23","11","4","30","0.001","PERF1","311.620971760793","9.86382755812213","13.1361349347864","14.4268171538292","1.99633002281189"
"95","23","2","1","30","0.001","PERF2","311.620971760793","19.8093156166319","11.5830015100185","32.0638786353062","2.10040020942688"
"95","24","2","1","30","1e-06","PERF1","310.848684939088","5.45067465287273","10.6322905501683","15.4373652815362","1.98419904708862"
"95","24","3","1","30","1e-04","PERF2","310.848684939088","7.17586714047947","10.2132385060632","33.2220485758797","2.0001699924469"
"95","25","8","3","30","0.01","PERF1","315.277948504979","14.9371620128981","14.2810173953046","16.4507382406635","1.98277902603149"
"95","25","5","2","30","0.01","PERF2","315.277948504979","9.92591961555788","10.9678225436162","28.687250997785","2.02607583999634"
"95","26","4","1","30","0.001","PERF1","312.999847729785","6.38958137701166","11.5163252628174","15.2824535083336","2.02409696578979"
"95","26","3","1","30","1e-05","PERF2","312.999847729785","5.83509775927476","9.80509171123599","25.9635456418147","2.06481099128723"
"95","27","3","1","30","0.001","PERF1","312.782308970095","7.72890842240531","12.383256507585","17.1798868379274","1.99683499336243"
"95","27","5","2","30","0.001","PERF2","312.782308970095","8.31653829484194","14.7417901806164","23.9699984493658","1.99629306793213"
"95","28","5","2","30","1e-04","PERF1","315.91021594684","8.6932108085427","11.1267720471731","14.1184033228165","1.97638010978699"
"95","28","2","1","30","1e-04","PERF2","315.91021594684","6.96144384394462","10.9062064437035","22.3766462596206","2.00351691246033"
"95","29","17","6","30","0.01","PERF1","312.729498892576","11.3155135709072","11.6638398529095","15.480505187937","2.54844903945923"
"95","29","3","1","30","1e-05","PERF2","312.729498892576","6.01285647582678","10.1015822353523","37.1476429978179","2.0316309928894"
"95","30","3","1","30","0.001","PERF1","314.761475636762","7.20328138491781","11.8372259960206","15.979857607125","2.04489707946777"
"95","30","2","1","30","1e-04","PERF2","314.761475636762","9.82485663705885","9.300656808393","32.0811670371684","2.01569795608521"
"114","1","2","1","30","0.01","PERF1","302.296474803512","7.3330904150738","10.4809944979472","12.3972926769988","2.10302495956421"
"114","1","2","1","30","1e-04","PERF2","302.296474803512","6.49051554879872","9.13822742456938","13.0116377726234","2.0769739151001"
"114","2","6","2","30","0.001","PERF1","303.781102635227","7.33978505808594","11.234959215869","11.6230623029351","2.05215787887573"
"114","2","2","1","30","0.001","PERF2","303.781102635227","9.30008548897835","8.51771302378658","18.555238228461","2.09221506118774"
"114","3","12","4","30","1e-04","PERF1","306.050115580211","10.2177714448909","13.82575615798","14.3170301153793","2.16181802749634"
"114","3","8","3","30","0.01","PERF2","306.050115580211","8.87588315781305","11.2361788716723","15.4925606120883","2.17051696777344"
"114","4","14","5","30","0.001","PERF1","304.253190013868","8.22196821347002","12.1411628644306","12.8988553128626","2.11620211601257"
"114","4","4","1","30","1e-05","PERF2","304.253190013868","7.55584846998323","10.0651322733251","16.1181080984923","2.07252097129822"
"114","5","2","1","30","1e-05","PERF1","304.472445677299","5.1353601401051","10.4400558065383","14.233996495993","2.35656595230103"
"114","5","7","2","30","1e-04","PERF2","304.472445677299","8.2781717455274","9.38873295008488","19.3965910372535","2.44763898849487"
"114","6","2","1","30","1e-05","PERF1","301.936037910308","6.2638423792046","8.86870062898962","11.6489696911085","2.75510597229004"
"114","6","4","1","30","1e-05","PERF2","301.936037910308","7.21294873494871","8.38540589018322","14.9445974100443","2.26989817619324"
"114","7","5","2","30","0.001","PERF1","305.121717521959","10.5096449069921","10.5738686662738","11.4050073645096","2.09610605239868"
"114","7","5","2","30","1e-04","PERF2","305.121717521959","8.37076290495604","12.4130107684827","14.0015330136976","2.13803601264954"
"114","8","2","1","30","1e-04","PERF1","303.328432732315","10.0252158683834","9.80750290037666","12.2888048650375","2.09657716751099"
"114","8","4","1","30","1e-04","PERF2","303.328432732315","5.85004361879314","8.25926599548283","16.4932527191163","2.15418791770935"
"114","9","41","14","30","0.01","PERF1","307.301733703188","9.38728970688694","15.6830123697771","14.5355398598068","2.2513279914856"
"114","9","3","1","30","1e-06","PERF2","307.301733703188","15.9755027758523","8.93204480149947","17.7686261935716","2.14765501022339"
"114","10","7","2","30","1e-04","PERF1","306.244290337493","8.67120470843886","8.56637235286005","13.5592482970615","2.06440591812134"
"114","10","5","2","30","1e-06","PERF2","306.244290337493","6.48958873832715","13.6755186396436","14.0829114457823","2.07598280906677"
"114","11","17","6","30","0.01","PERF1","307.735795191862","7.92887009188668","13.770488718445","13.026856152776","2.07549285888672"
"114","11","3","1","30","1e-05","PERF2","307.735795191862","3.5330528464549","7.29752416212719","14.0630602716624","2.06346797943115"
"114","12","5","2","30","1e-04","PERF1","307.238626907072","9.84973632991318","9.91589011206161","12.1711586410925","2.2205798625946"
"114","12","4","1","30","1e-05","PERF2","307.238626907072","9.69397575211901","8.71311960911297","15.8990411738111","2.13726711273193"
"114","13","2","1","30","1e-05","PERF1","301.771393897363","8.64218984585026","10.2743763926708","12.8409163495003","2.06180310249329"
"114","13","2","1","30","1e-05","PERF2","301.771393897363","13.871295253014","9.83149038881784","14.1726693915861","2.05746412277222"
"114","14","4","1","30","1e-04","PERF1","303.263707813221","9.52807150400548","10.4564885781745","11.9899388330823","2.12949705123901"
"114","14","7","2","30","1e-05","PERF2","303.263707813221","8.15117990999019","10.565097312176","14.5558475370218","2.19056701660156"
"114","15","5","2","30","1e-04","PERF1","304.040811373091","4.44880326942532","9.72574658700903","12.1604147512586","2.10051083564758"
"114","15","4","1","30","1e-05","PERF2","304.040811373091","18.4721413407632","10.4656644431422","19.9506245884861","2.14852786064148"
"114","16","10","3","30","1e-04","PERF1","300.76734858992","9.49329467525507","11.2928055935643","12.0477418506287","2.06945705413818"
"114","16","4","1","30","1e-04","PERF2","300.76734858992","4.41600323684825","10.8494074279869","15.7045658350443","2.04045081138611"
"114","17","8","3","30","0.001","PERF1","302.585714285713","7.26363056431573","12.8184330252664","14.0855752473551","2.1195080280304"
"114","17","5","2","30","1e-04","PERF2","302.585714285713","7.46750704046277","8.26776066351046","15.0587381867776","2.18855714797974"
"114","18","12","4","30","0.001","PERF1","302.471232085065","9.50632742269729","12.2448347289774","13.0290967401345","2.21959400177002"
"114","18","5","2","30","1e-04","PERF2","302.471232085065","7.88684187734258","12.9237665777496","16.6714757541867","2.53778791427612"
"114","19","3","1","30","0.001","PERF1","306.040811373091","9.30034276972363","9.7033938448236","12.0552984925163","2.19356203079224"
"114","19","5","2","30","1e-05","PERF2","306.040811373091","5.99438114230319","10.4166075371771","16.6899725622472","2.06046605110168"
"114","20","4","1","30","1e-04","PERF1","303.159743411926","9.59566313593439","9.98242656906929","11.1257199558748","2.05948090553284"
"114","20","2","1","30","0.001","PERF2","303.159743411926","6.00372874224057","8.67211626854583","15.2837472219496","2.07745909690857"
"114","21","14","5","30","0.01","PERF1","302.658125288949","7.46585231584907","11.9175288577992","12.016743239927","2.07949590682983"
"114","21","2","1","30","1e-04","PERF2","302.658125288949","6.16321863192574","9.78415125454794","21.5184020244064","2.06647109985352"
"114","22","7","2","30","1e-05","PERF1","301.281102635227","9.03734241861371","10.8678329092978","13.8710891530791","2.05344390869141"
"114","22","2","1","30","1e-06","PERF2","301.281102635227","7.06345215336899","8.3387203342092","18.2921278315437","2.04945802688599"
"114","23","7","2","30","0.001","PERF1","304.196151178917","8.45493607987078","10.0698367924679","12.0942909103257","2.04143595695496"
"114","23","2","1","30","0.01","PERF2","304.196151178917","4.77495555054568","11.0890327938712","18.2336920121638","2.04445219039917"
"114","24","8","3","30","1e-04","PERF1","304.229727230697","6.79468628629828","9.74975637137352","11.788940521243","2.04443907737732"
"114","24","2","1","30","0.001","PERF2","304.229727230697","8.20975166300972","10.2870420863181","15.3386881627612","2.04743790626526"
"114","25","3","1","30","1e-04","PERF1","305.651248266295","5.68681224166811","9.97626861887245","11.5859160058624","2.19958209991455"
"114","25","7","2","30","1e-04","PERF2","305.651248266295","13.5585948482876","10.854668688787","13.4175100266578","2.03944993019104"
"114","26","2","1","30","1e-05","PERF1","311.670665742023","7.96458507402149","11.8105673497766","11.6124786964093","2.03945088386536"
"114","26","2","1","30","1e-06","PERF2","311.670665742023","3.50667013028662","10.8983373797058","15.7791236610875","2.04147005081177"
"114","27","3","1","30","1e-05","PERF1","303.380617198334","8.71190113100817","10.3642879518828","11.7847360651767","2.04447102546692"
"114","27","2","1","30","1e-05","PERF2","303.380617198334","8.13666560785907","8.6341896052391","16.1068915288971","2.04845786094666"
"114","28","14","5","30","0.001","PERF1","305.920261211279","14.9262919757495","13.4393154732159","13.9227600400807","2.05546188354492"
"114","28","3","1","30","1e-05","PERF2","305.920261211279","6.54680756389629","9.64655115551643","14.2235185346286","2.06044888496399"
"114","29","3","1","30","1e-04","PERF1","302.959096162735","13.2269635539319","10.9246566554232","13.1996613266643","2.05444383621216"
"114","29","11","4","30","0.001","PERF2","302.959096162735","11.788248799073","17.3701204828238","17.5203596661581","2.09048795700073"
"114","30","3","1","30","1e-06","PERF1","304.870503929726","13.4742119194958","9.15863068387191","13.8452900590255","2.04545497894287"
"114","30","7","2","30","1e-04","PERF2","304.870503929726","5.14819291621146","11.2815258641598","22.5665249334172","2.05246019363403"
"133","1","6","2","30","1e-04","PERF1","293.543253968255","8.5527072512356","9.57053535260143","11.6593489144438","2.11550402641296"
"133","1","5","2","30","1e-06","PERF2","293.543253968255","4.39872825323874","10.7694693296234","19.6278074589733","2.26461100578308"
"133","2","14","5","30","1e-04","PERF1","293.620337301589","8.09934359251457","12.4297117119084","12.6160975653641","2.10551404953003"
"133","2","6","2","30","1e-05","PERF2","293.620337301589","11.5404946479166","9.5870553445276","18.6049581481437","2.1064989566803"
"133","3","3","1","30","1e-06","PERF1","295.776934523811","4.49040963977102","9.69095581107697","12.8930408357472","2.1194908618927"
"133","3","8","3","30","0.001","PERF2","295.776934523811","7.60310194545403","16.3251513125612","17.4390354450108","2.117506980896"
"133","4","3","1","30","1e-06","PERF1","294.829712301589","8.6859821583696","8.63777248551476","11.6747101532332","2.12953305244446"
"133","4","2","1","30","1e-04","PERF2","294.829712301589","3.84231323071145","8.2901564408897","16.440457569106","2.1085000038147"
"133","5","16","5","30","0.001","PERF1","294.590476190478","5.60713777989781","10.6589374380456","12.0775403925086","2.1105010509491"
"133","5","2","1","30","1e-06","PERF2","294.590476190478","7.08844601430631","8.20257932949028","15.5097135935745","2.11650514602661"
"133","6","2","1","30","1e-04","PERF1","295.209920634922","8.99711697485242","8.29926758151493","11.5214168568983","2.1195068359375"
"133","6","2","1","30","1e-05","PERF2","295.209920634922","9.05018320409157","9.61733668370325","15.73844103528","2.10949993133545"
"133","7","2","1","30","0.001","PERF1","295.028670634922","8.54355657854276","10.2275518399304","12.7900801539963","2.117506980896"
"133","7","5","2","30","1e-05","PERF2","295.028670634922","5.43835573968221","12.458556583257","16.54100332635","2.11550378799438"
"133","8","17","6","30","0.001","PERF1","294.575892857144","9.80219785354266","11.9649163461238","13.6196853960633","2.26759600639343"
"133","8","3","1","30","1e-06","PERF2","294.575892857144","8.65510576830632","7.97743986202858","18.5982067512042","2.0994930267334"
"133","9","2","1","30","1e-06","PERF1","297.717559523811","6.72482788439962","7.35205580650196","11.803999436648","2.26761388778687"
"133","9","2","1","30","1e-05","PERF2","297.717559523811","11.2932549142477","8.38581224421607","17.7329462642009","2.48078203201294"
"133","10","2","1","30","1e-06","PERF1","295.573462301589","4.7865072081403","10.64784747467","12.7999689425815","2.1214919090271"
"133","10","2","1","30","1e-06","PERF2","295.573462301589","5.72978317803785","10.1954800495706","19.624258077798","2.1065149307251"
"133","11","2","1","30","1e-06","PERF1","294.776934523811","6.91824656703945","9.02416723751001","13.6974710420582","2.11450409889221"
"133","11","8","3","30","1e-04","PERF2","294.776934523811","6.31561262462043","12.7772778556303","15.937529047429","2.1105170249939"
"133","12","8","3","30","1e-04","PERF1","293.060267857144","4.48592893689425","9.46176932454566","12.2005842035052","2.12252712249756"
"133","12","3","1","30","1e-06","PERF2","293.060267857144","5.27508250614439","7.39068328382736","13.9752271245475","2.11250305175781"
"133","13","2","1","30","0.001","PERF1","294.673462301589","6.67223804542769","9.91739072070487","12.8599102286366","2.11250305175781"
"133","13","4","1","30","1e-05","PERF2","294.673462301589","7.82492637272691","9.1188590399134","14.8886109468","2.1144859790802"
"133","14","2","1","30","1e-04","PERF1","296.054712301589","7.1315161496146","8.39531503078083","11.5156231186093","2.11250281333923"
"133","14","2","1","30","1e-06","PERF2","296.054712301589","5.40427588271883","8.58497545183428","16.8883657657268","2.26262593269348"
"133","15","7","2","30","1e-04","PERF1","297.150892857144","7.05214615588847","10.7855993710142","12.9624211273411","2.09749221801758"
"133","15","6","2","30","1e-05","PERF2","297.150892857144","6.10706920661682","8.75887949989878","15.8013150588459","2.11450386047363"
"133","16","2","1","30","1e-06","PERF1","292.920337301589","10.7601725165577","8.48815246682868","13.5069773560257","2.10749793052673"
"133","16","2","1","30","1e-05","PERF2","292.920337301589","9.91529760795806","8.14426177544227","14.8978070882497","2.1155219078064"
"133","17","3","1","30","1e-06","PERF1","295.450545634922","4.53425341749716","9.48802456244916","11.1687318098927","2.11349105834961"
"133","17","2","1","30","0.001","PERF2","295.450545634922","15.4912118915689","9.20574755322148","20.1718399949319","2.11150193214417"
"133","18","15","5","30","1e-04","PERF1","293.178670634922","7.26626590236661","11.8877509286586","12.5540200280373","2.10449600219727"
"133","18","10","3","30","1e-04","PERF2","293.178670634922","10.5347904333637","11.3429948073128","13.8425597209995","2.11548781394958"
"133","19","14","5","30","0.001","PERF1","295.527628968255","10.9667763799788","10.5760086413324","13.7975409367542","2.1105170249939"
"133","19","6","2","30","1e-04","PERF2","295.527628968255","4.6965252442321","9.4807188727831","13.8253309152361","2.11750507354736"
"133","20","26","9","30","0.01","PERF1","296.170684523811","11.9973867404857","14.144786148106","12.8353573478544","2.13551807403564"
"133","20","4","1","30","1e-04","PERF2","296.170684523811","7.66691137572741","12.2988210140374","15.145757288172","2.12451195716858"
"133","21","5","2","30","0.001","PERF1","292.915128968255","6.94834937137525","10.6615292165378","11.9196759748695","2.26763010025024"
"133","21","5","2","30","1e-05","PERF2","292.915128968255","5.31904873398648","9.35719804331984","18.7633805096389","2.11949014663696"
"133","22","3","1","30","1e-04","PERF1","295.738045634922","6.55585831818155","9.79422558772871","13.2608350619041","2.12152481079102"
"133","22","2","1","30","1e-06","PERF2","295.738045634922","5.6279506062146","7.29389979601581","15.9877198518318","2.11348414421082"
"133","23","4","1","30","1e-04","PERF1","293.655753968255","7.84557084083224","9.86711091943104","12.4295854116994","2.13852214813232"
"133","23","4","1","30","1e-04","PERF2","293.655753968255","4.4663019604967","7.96364698297962","17.8321552402325","2.10449600219727"
"133","24","4","1","30","1e-04","PERF1","298.050892857144","5.9519817100398","8.73294699498465","11.575769265942","2.12349390983582"
"133","24","4","1","30","1e-05","PERF2","298.050892857144","15.0268011479635","9.96082993125694","13.4532880482705","2.10449695587158"
"133","25","4","1","30","1e-05","PERF1","294.883878968255","7.07857879179037","8.96420035864152","14.4602138302877","2.12451100349426"
"133","25","2","1","30","1e-05","PERF2","294.883878968255","8.63745519915543","8.96967727835057","18.3363269059321","2.11451721191406"
"133","26","2","1","30","1e-04","PERF1","293.474503968255","9.0192849126096","9.95151051223656","13.4437031497032","2.11051607131958"
"133","26","5","2","30","1e-04","PERF2","293.474503968255","8.40915923114922","7.93388238809872","15.7148824121727","2.12149310112"
"133","27","2","1","30","1e-04","PERF1","297.687003968255","8.50147537213346","11.0870315821967","12.8422248847645","2.11750483512878"
"133","27","3","1","30","1e-05","PERF2","297.687003968255","7.21435723788243","8.71123129456372","20.3939208419819","2.2696270942688"
"133","28","12","4","30","0.01","PERF1","294.023462301589","5.85097776082003","12.8587135800962","15.1134575251805","2.11248207092285"
"133","28","8","3","30","1e-04","PERF2","294.023462301589","7.61945036778178","10.6368688662975","18.1704657066657","2.10551500320435"
"133","29","5","2","30","1e-04","PERF1","292.735962301589","9.40898453456885","8.98513605281965","12.0924775687985","2.1164870262146"
"133","29","2","1","30","0.01","PERF2","292.735962301589","9.04969556375161","9.41539242463061","19.6272085295033","2.12751483917236"
"133","30","2","1","30","1e-06","PERF1","294.363045634922","8.51120269439252","11.5030212574692","12.4944074175853","2.10449600219727"
"133","30","3","1","30","1e-05","PERF2","294.363045634922","7.26864161425068","8.00611441820668","19.8915499208655","2.10249614715576"
"152","1","14","5","30","0.001","PERF1","287.87188043101","5.80262984755555","10.9647224830693","11.7097692604174","2.17853212356567"
"152","1","2","1","30","1e-04","PERF2","287.87188043101","6.54469441501555","8.17837583959734","21.1697228239463","2.22559905052185"
"152","2","2","1","30","0.01","PERF1","286.309836635389","5.38372965843777","11.4501655399738","11.7477523753271","2.18655395507812"
"152","2","3","1","30","1e-04","PERF2","286.309836635389","8.70323099299529","9.04517986978022","16.5968693880644","2.19556093215942"
"152","3","5","2","30","0.001","PERF1","287.429362182835","11.0278137109354","8.08039730951007","13.5942420194362","2.18855690956116"
"152","3","2","1","30","1e-04","PERF2","287.429362182835","16.5060567359604","9.12015753642081","19.575714111622","2.20156598091125"
"152","4","6","2","30","1e-05","PERF1","286.178449774075","7.30232968812454","10.7849031315683","12.72909989526","2.33666205406189"
"152","4","5","2","30","1e-05","PERF2","286.178449774075","10.0296543118474","10.1688655456867","13.5731021021347","2.17354488372803"
"152","5","17","6","30","0.01","PERF1","287.576564129307","14.7050958093046","11.7775993689346","12.4179187690753","2.17356181144714"
"152","5","2","1","30","0.001","PERF2","287.576564129307","4.11499786118772","6.8071209874673","16.1961024943496","2.16854190826416"
"152","6","4","1","30","1e-04","PERF1","290.163242961423","9.35411736444784","7.83290456966069","13.0941271186812","2.18255496025085"
"152","6","3","1","30","1e-05","PERF2","290.163242961423","4.84402103364929","7.2406827805384","15.7451049105856","2.17254495620728"
"152","7","2","1","30","1e-04","PERF1","288.716770941959","5.27605789800913","8.49164830103635","12.3967911017121","2.17854905128479"
"152","7","2","1","30","0.001","PERF2","288.716770941959","12.5719083471289","8.54619315922741","20.2947622318273","2.17252707481384"
"152","8","14","5","30","0.001","PERF1","285.5908585332","7.8785390084306","12.5125277203885","13.5392857560435","2.19456100463867"
"152","8","4","1","30","1e-05","PERF2","285.5908585332","11.991021585489","7.5192202214259","14.3454303389314","2.21859502792358"
"152","9","2","1","30","1e-04","PERF1","286.817135905462","8.42282749890053","7.29364688602911","11.1676821950974","2.35769295692444"
"152","9","3","1","30","1e-06","PERF2","286.817135905462","4.12729870690197","7.00455103857222","18.4907878710248","2.17953395843506"
"152","10","2","1","30","1e-06","PERF1","289.020603058747","8.7809739134354","6.77322300824947","12.8903321443451","2.16753792762756"
"152","10","2","1","30","0.01","PERF2","289.020603058747","6.04762558909428","9.41731225959525","16.7898747495519","2.33366107940674"
"152","11","9","3","30","1e-04","PERF1","284.624009384781","6.57325370840774","9.67503408777087","11.2931808971772","2.24559712409973"
"152","11","6","2","30","1e-04","PERF2","284.624009384781","8.98540158240939","10.8627807321628","17.0056604204259","2.4607470035553"
"152","12","4","1","30","0.001","PERF1","287.351199165803","8.85997706325615","8.7513335130943","14.1073844839294","2.33366012573242"
"152","12","4","1","30","1e-05","PERF2","287.351199165803","9.25318444037383","8.1405914414","18.7636984197337","2.22756600379944"
"152","13","2","1","30","1e-05","PERF1","283.73988529719","7.83069528290949","8.96508446968195","13.917963906076","2.17556405067444"
"152","13","2","1","30","0.01","PERF2","283.73988529719","4.44360173119896","10.8090443688127","17.05019677706","2.16452288627625"
"152","14","3","1","30","1e-05","PERF1","286.18787799792","5.54814041552683","9.08356598364394","11.7085979225585","2.18453693389893"
"152","14","2","1","30","1e-06","PERF2","286.18787799792","9.42091898415163","8.59987297794413","20.5373365876836","2.18355298042297"
"152","15","2","1","30","1e-06","PERF1","286.932403545365","5.07879755776057","8.53595761210935","12.0283212431865","2.19456100463867"
"152","15","13","4","30","1e-04","PERF2","286.932403545365","7.0903095848514","12.6974754077424","15.6776466382269","2.17756485939026"
"152","16","3","1","30","1e-05","PERF1","285.862756343419","6.11347787035541","9.09785698980678","12.9518424080308","2.26060700416565"
"152","16","2","1","30","1e-06","PERF2","285.862756343419","9.30335499199766","8.5526829991784","18.9671056121945","2.18155193328857"
"152","17","2","1","30","1e-06","PERF1","286.285201598893","4.95202370559211","9.10496681095787","12.1885083152079","2.34466695785522"
"152","17","3","1","30","1e-04","PERF2","286.285201598893","5.57305151204805","8.11480800107645","17.979256123876","2.18853807449341"
"152","18","5","2","30","1e-04","PERF1","285.957038581861","8.64390953499306","8.43516638618318","11.5566182233974","2.17753100395203"
"152","18","4","1","30","1e-04","PERF2","285.957038581861","6.02075999214199","8.40111414232716","16.4748792032645","2.17354679107666"
"152","19","2","1","30","1e-06","PERF1","285.758133472372","6.04132139121462","8.81621425529404","12.2609580819471","2.22758197784424"
"152","19","4","1","30","1e-06","PERF2","285.758133472372","4.93323443858792","7.82504147137322","18.4790987586594","2.19756317138672"
"152","20","23","8","30","0.001","PERF1","285.384654153638","8.97055842476014","12.7887911917343","13.7459078900674","2.17955207824707"
"152","20","2","1","30","1e-04","PERF2","285.384654153638","7.71360430117105","7.98665219474478","16.0933693157322","2.20158195495605"
"152","21","2","1","30","1e-06","PERF1","287.37492179354","7.75450740131309","9.09213083932928","11.6470345844945","2.18255209922791"
"152","21","3","1","30","1e-05","PERF2","287.37492179354","6.29253641446262","7.23060367522094","16.6783865296098","2.23759198188782"
"152","22","19","6","30","0.001","PERF1","285.942135905462","11.0282890018005","10.2510155276786","11.5172325676666","2.18954110145569"
"152","22","7","2","30","0.001","PERF2","285.942135905462","4.75244289682398","9.37463111152819","17.47106089674","2.18654203414917"
"152","23","16","5","30","0.001","PERF1","286.714033715681","9.50780354745681","13.7347869535169","13.781041798115","2.19556188583374"
"152","23","4","1","30","1e-05","PERF2","286.714033715681","5.52803996737641","7.71146349707983","17.899418282871","2.35169100761414"
"152","24","5","2","30","1e-05","PERF1","285.700347584294","7.7700526015503","9.85120342304549","12.9425403828177","2.16252207756042"
"152","24","7","2","30","1e-04","PERF2","285.700347584294","7.95064871603545","10.3280932775862","18.2593277116491","2.18754005432129"
"152","25","4","1","30","0.001","PERF1","285.849982620791","5.38988000496184","9.30723528668485","11.7571890461179","2.16055393218994"
"152","25","2","1","30","1e-05","PERF2","285.849982620791","7.40450047028841","8.83165270903122","21.1863410420104","2.18457007408142"
"152","26","2","1","30","1e-04","PERF1","283.606673618358","11.6027286375976","9.00084560095592","11.6601726143648","2.21055603027344"
"152","26","2","1","30","1e-04","PERF2","283.606673618358","7.15900793627464","7.93226704462027","19.5712694688917","2.17656588554382"
"152","27","14","5","30","0.001","PERF1","286.214337851934","9.88720987312925","10.1560717507037","11.173991051579","2.18355202674866"
"152","27","2","1","30","1e-06","PERF2","286.214337851934","9.83505039573795","7.38839053979729","16.4971429792648","2.17556309700012"
"152","28","2","1","30","1e-05","PERF1","285.836296489404","6.077602924755","7.44646523337663","13.2914906889515","2.50878500938416"
"152","28","6","2","30","1e-04","PERF2","285.836296489404","6.19454552629507","8.82005387298375","18.1452331401684","2.48778700828552"
"152","29","5","2","30","1e-04","PERF1","285.249009384781","9.05104935941471","11.7595699770854","13.4082888986704","2.4587299823761"
"152","29","4","1","30","1e-04","PERF2","285.249009384781","10.5605359690623","8.75941499668125","18.6532171763188","2.2045681476593"
"152","30","35","12","30","0.001","PERF1","287.876442474805","8.50131529979805","14.5949388274285","13.1487199073718","2.45674896240234"
"152","30","3","1","30","1e-06","PERF2","287.876442474805","3.34359897097433","7.66318707847979","18.4126704092583","2.19556212425232"
"171","1","4","1","30","1e-04","PERF1","276.0360930736","9.16674661385236","9.26440283033107","14.2359381034487","2.26761102676392"
"171","1","2","1","30","1e-05","PERF2","276.0360930736","7.68804671013014","8.28516100865805","16.616492914147","2.25360512733459"
"171","2","3","1","30","1e-04","PERF1","275.504707792215","8.72463846533202","8.34058413264495","11.6908370746925","2.23859095573425"
"171","2","3","1","30","1e-05","PERF2","275.504707792215","5.18384486310342","7.66803690991116","19.0190953205643","2.31064295768738"
"171","3","2","1","30","1e-05","PERF1","278.245508658015","8.0378899146532","8.35820223525687","12.4755665129024","2.26959800720215"
"171","3","6","2","30","1e-05","PERF2","278.245508658015","5.50730602297536","7.15158512886427","14.398963341504","2.24958300590515"
"171","4","3","1","30","1e-05","PERF1","276.634577922085","5.32395959006727","8.82106188121106","13.0392787082807","2.25959205627441"
"171","4","3","1","30","1e-04","PERF2","276.634577922085","7.55738516777838","6.08262554182808","16.891459897637","2.26462602615356"
"171","5","2","1","30","1e-04","PERF1","277.325054112561","5.89619640818271","8.49233472990733","11.2586423509666","2.26961612701416"
"171","5","9","3","30","1e-04","PERF2","277.325054112561","6.74278462299334","10.5123830945991","16.8469395436961","2.24759817123413"
"171","6","4","1","30","1e-05","PERF1","278.153246753253","4.95021183997643","7.83340481019045","12.5478712946638","2.25858902931213"
"171","6","5","2","30","1e-05","PERF2","278.153246753253","7.09414886930232","9.14354702932964","16.8586088150869","2.41571807861328"
"171","7","20","7","30","0.001","PERF1","284.04096320347","10.8765017119678","10.6495238959433","12.9970191467468","2.22656607627869"
"171","7","3","1","30","1e-06","PERF2","284.04096320347","6.86980774775636","6.38491647852371","17.8755073915158","2.23258805274963"
"171","8","5","2","30","1e-04","PERF1","276.871320346327","5.21941142253764","8.99764418111507","10.5821730206202","2.24860000610352"
"171","8","3","1","30","1e-05","PERF2","276.871320346327","11.5181338440471","9.10992646334761","16.5918208363546","2.25360298156738"
"171","9","3","1","30","1e-04","PERF1","281.213041125548","7.97188565079598","7.09237445169883","11.055412997076","2.24558210372925"
"171","9","3","1","30","1e-05","PERF2","281.213041125548","5.49621577598922","7.42342275553172","18.4916166153242","2.25262093544006"
"171","10","2","1","30","1e-05","PERF1","276.01688311689","9.23577864620402","9.01922953633056","12.4279732492188","2.24261212348938"
"171","10","3","1","30","1e-05","PERF2","276.01688311689","6.90003572579623","6.79499902066654","16.9143323848379","2.26060700416565"
"171","11","2","1","30","1e-04","PERF1","279.693560606067","5.58846052651936","9.00915260873064","11.7870127946612","2.27359986305237"
"171","11","2","1","30","1e-06","PERF2","279.693560606067","4.97995799566999","7.00385320971588","15.1484701338883","2.25060081481934"
"171","12","2","1","30","1e-05","PERF1","275.555844155851","5.8623475788575","7.72402348184721","13.2526452917354","2.27059888839722"
"171","12","7","2","30","1e-05","PERF2","275.555844155851","5.99509103639163","9.45514851263712","16.2917388359266","2.27063298225403"
"171","13","3","1","30","1e-06","PERF1","278.381872294379","8.7656206640055","8.84612959499825","12.5025995165133","2.42072081565857"
"171","13","4","1","30","1e-04","PERF2","278.381872294379","7.82939958775377","7.04987414363478","21.2598821922616","2.2335729598999"
"171","14","5","2","30","1e-05","PERF1","276.242261904769","7.3143806635436","8.77292342809499","14.3009593277409","2.2596230506897"
"171","14","4","1","30","1e-04","PERF2","276.242261904769","4.99074169448772","7.55096921059843","15.2876522629628","2.24861598014832"
"171","15","5","2","30","0.001","PERF1","279.148917748924","8.92238869488125","9.68262198763981","13.0939329273579","2.25460386276245"
"171","15","2","1","30","0.001","PERF2","279.148917748924","5.95795167810102","9.50257113456246","13.9923738112826","2.24759888648987"
"171","16","10","3","30","0.001","PERF1","280.308820346327","6.79217600127632","11.258685531137","13.1134701635354","2.24858283996582"
"171","16","3","1","30","1e-06","PERF2","280.308820346327","4.26169566316702","7.66739239513387","16.568760380309","2.231605052948"
"171","17","26","9","30","0.01","PERF1","277.954112554119","10.7449037594217","11.5742748317687","12.6219161549953","2.24557900428772"
"171","17","3","1","30","1e-04","PERF2","277.954112554119","6.89466574446057","7.50962405212117","14.2481029471468","2.26461100578308"
"171","18","4","1","30","1e-05","PERF1","277.778787878795","5.44445672155479","7.24447536621209","12.3246794590811","2.25860691070557"
"171","18","3","1","30","1e-06","PERF2","277.778787878795","6.37939738647918","8.54509735018894","17.0812166407","2.27161693572998"
"171","19","3","1","30","1e-06","PERF1","279.369967532474","8.82253810271789","8.22174280659932","12.183916018071","2.24659705162048"
"171","19","2","1","30","0.001","PERF2","279.369967532474","5.88662381607459","8.6904871729482","20.3348607204937","2.39570307731628"
"171","20","4","1","30","1e-06","PERF1","277.280411255418","6.56235095671599","7.19512079204082","13.3453403905671","2.22558307647705"
"171","20","2","1","30","0.001","PERF2","277.280411255418","6.49316582618253","7.56535237774171","18.5292937781745","2.2465980052948"
"171","21","5","2","30","1e-04","PERF1","285.309632034639","10.4397929173132","9.92830165695588","11.8580898701082","2.252601146698"
"171","21","2","1","30","0.001","PERF2","285.309632034639","7.53667784000043","8.71440723309004","15.7545433117846","2.2655918598175"
"171","22","3","1","30","1e-05","PERF1","274.475216450223","5.43319835903158","7.39176117033762","12.0760438812695","2.23960995674133"
"171","22","3","1","30","1e-06","PERF2","274.475216450223","4.8068842290419","6.70911950474362","16.3592790894934","2.24559688568115"
"171","23","5","2","30","1e-04","PERF1","277.798538961046","7.75354147000501","8.51970493471029","12.6427332053253","2.23959302902222"
"171","23","3","1","30","1e-06","PERF2","277.798538961046","14.9711081099638","7.3329250525857","13.2116791373171","2.25260186195374"
"171","24","2","1","30","1e-05","PERF1","279.051515151522","11.0640103603964","8.96668825648086","11.8853672380873","2.26861310005188"
"171","24","2","1","30","0.001","PERF2","279.051515151522","8.57851287819424","7.79324607016037","21.3214632350062","2.25260496139526"
"171","25","17","6","30","0.001","PERF1","281.190313852821","7.45615929379437","12.2646933798989","13.8329498593063","2.26562905311584"
"171","25","4","1","30","1e-06","PERF2","281.190313852821","5.30769954742639","7.33517135510416","18.7384848333975","2.26359295845032"
"171","26","3","1","30","1e-04","PERF1","277.493344155851","3.95496186039989","8.47392662020175","13.1545701309705","2.4047269821167"
"171","26","7","2","30","1e-04","PERF2","277.493344155851","7.44947844456584","8.82437843712167","20.8675242732592","2.24959802627563"
"171","27","9","3","30","1e-04","PERF1","280.717911255418","9.79619320112309","10.1654229934672","12.4975691308815","2.27263188362122"
"171","27","3","1","30","1e-04","PERF2","280.717911255418","5.99614724047567","7.87587127316263","16.1917576524468","2.25860691070557"
"171","28","3","1","30","1e-04","PERF1","276.121320346327","6.93616531700108","6.58499550970152","12.2253776117721","2.26059103012085"
"171","28","2","1","30","0.001","PERF2","276.121320346327","8.31500088923619","8.32209199215476","19.3786432317836","2.2466139793396"
"171","29","2","1","30","1e-04","PERF1","275.817748917756","6.26157305416866","7.01282824369758","12.2343098645178","2.25261902809143"
"171","29","4","1","30","1e-06","PERF2","275.817748917756","3.80440954748605","6.84592546930604","16.7487883717464","2.268630027771"
"171","30","2","1","30","1e-06","PERF1","280.330194805202","5.91707489927321","6.66714844048083","12.5676566483817","2.25962209701538"
"171","30","3","1","30","1e-05","PERF2","280.330194805202","5.08991350596274","8.55791152799941","16.9815892103605","2.24057602882385"
